start,end,lenght
2022-01-20 21:30:00,2022-01-20 21:35:00,0 days 00:05:00
2022-01-23 11:00:00,2022-01-23 11:05:00,0 days 00:05:00
2022-01-24 10:00:00,2022-01-24 10:05:00,0 days 00:05:00
2022-01-24 12:00:00,2022-01-24 12:10:00,0 days 00:10:00
2022-02-07 08:55:00,2022-02-07 09:40:00,0 days 00:45:00
2022-02-07 09:45:00,2022-02-07 09:55:00,0 days 00:10:00
2022-02-07 10:00:00,2022-02-07 10:25:00,0 days 00:25:00
2022-02-07 10:30:00,2022-02-07 10:45:00,0 days 00:15:00
2022-02-07 11:20:00,2022-02-07 11:25:00,0 days 00:05:00
2022-02-28 10:05:00,2022-02-28 10:10:00,0 days 00:05:00
2022-03-02 01:15:00,2022-03-02 01:20:00,0 days 00:05:00
2022-03-02 21:00:00,2022-03-02 21:05:00,0 days 00:05:00
2022-03-03 00:35:00,2022-03-03 00:40:00,0 days 00:05:00
2022-03-08 02:05:00,2022-03-08 02:10:00,0 days 00:05:00
